id;checklist_type_id;nome;ordem;created_at;store_id;requer_observacao;requer_foto;observacao_obrigatoria
9ca8a037-17ce-4124-82a7-93b8929bfad4;c7881589-1478-499f-876c-041bcc154ac5;Montar mesas e cadeiras da área externa.;6;2026-04-10 00:50:22.830894+00;d2118d7f-a6d2-4cea-a077-3d93a0cb5663;true;true;false
9f1d8a99-59e8-46e5-89cb-b8d4cb55a14e;711fa35e-048a-458f-ba91-3d6a880d40ab;Higienizar a cozinha antes de iniciar os trabalhos de manipulação dos alimentos.;3;2025-10-15 22:43:16.879772+00;ee15ca04-eb0b-4d53-96b4-b45b7e1c42f9;true;false;false
ac6eb8fd-46f8-46fb-9f4c-28230493042f;f6a2eef8-fb0e-43f1-8af8-b5c7273b1258;Limpar fritadeira - colocar a data da limpeza. ;1;2025-10-15 23:35:04.973953+00;9cc8182f-5502-4416-a701-05665a56088f;true;false;false
7d916a7b-c706-43a9-9e8f-6138b85b30f3;08dd4c3e-f335-4153-babd-6240ae340d35;Preparações básicas prontas (mise en place).;10;2025-10-03 18:19:02.140526+00;d2118d7f-a6d2-4cea-a077-3d93a0cb5663;true;false;false
e189e4fc-d48a-49a7-be2c-decdb4212afd;1ceb6556-869f-4919-b302-5fd68f6ac5a6;Revisar impressora do bar,(Ligar e Bobina).;17;2025-10-15 23:54:45.719053+00;9cc8182f-5502-4416-a701-05665a56088f;false;false;false
4ca383ae-79bf-4257-b10a-b4a484f9d7ca;1ceb6556-869f-4919-b302-5fd68f6ac5a6;Verificar com a gestão do ifood tempo de entrega e itens pausados.;18;2025-10-15 23:56:15.446892+00;9cc8182f-5502-4416-a701-05665a56088f;false;false;false
5f3e20eb-4b2f-4b02-a8bb-faf25f143438;1ceb6556-869f-4919-b302-5fd68f6ac5a6;Ligar o som;20;2025-10-15 23:54:58.405391+00;9cc8182f-5502-4416-a701-05665a56088f;false;false;false
0aecfc09-8450-46d6-b8ba-1b62515285f6;f49d9370-650d-4fa0-a364-95ec4b6c99a4;Limpar Bandejas.;5;2025-10-15 22:59:25.702884+00;ee15ca04-eb0b-4d53-96b4-b45b7e1c42f9;false;false;false
45b5ec4d-381e-4dc4-9d35-d4044cad7f37;711fa35e-048a-458f-ba91-3d6a880d40ab;Limpeza da fritadeira - colocar data da realização da limpeza;1;2025-10-15 22:42:23.983199+00;ee15ca04-eb0b-4d53-96b4-b45b7e1c42f9;true;true;true
3830726a-7c4e-4cb0-8bd0-426e7c73ac60;1ceb6556-869f-4919-b302-5fd68f6ac5a6;Alguma observação?;23;2026-02-03 15:20:30.927633+00;9cc8182f-5502-4416-a701-05665a56088f;true;false;false
487afccf-aca5-4865-b57b-5be4948d3f6c;c7881589-1478-499f-876c-041bcc154ac5;Revisar abastecimento dos banheiros: sabonete líquido completo. ⭐ AVALIADO PELOS JURADOS;13;2026-04-10 00:50:22.830894+00;d2118d7f-a6d2-4cea-a077-3d93a0cb5663;false;false;false
eabbe3b2-cc2d-4ffd-bc6b-d3e0ea3da1e1;c7881589-1478-499f-876c-041bcc154ac5;Revisar monitor de lançamento: ligar e abrir o sistema.;22;2026-04-10 00:50:22.830894+00;d2118d7f-a6d2-4cea-a077-3d93a0cb5663;false;false;false
97f6b804-2d3f-4390-a48e-3308f1d3c540;c7881589-1478-499f-876c-041bcc154ac5;Foto do quadro de avisos/sugestão do dia PREENCHIDO.;26;2026-04-10 00:50:22.830894+00;d2118d7f-a6d2-4cea-a077-3d93a0cb5663;true;true;false
96f41e7c-278b-420b-9667-5998b7ae6188;092d773f-0791-4af0-a683-4c3c57756af7;Revisar limpeza, organização e alinhamento do salão.;2;2025-10-03 01:24:58.739006+00;d2118d7f-a6d2-4cea-a077-3d93a0cb5663;true;true;false
f7a12198-68ba-4bf5-b94e-05c927703cc1;c7881589-1478-499f-876c-041bcc154ac5;Varrer a calçada e frente do bar.;8;2026-04-10 00:50:22.830894+00;d2118d7f-a6d2-4cea-a077-3d93a0cb5663;false;false;false
9994b3cd-9fa0-45be-b438-eb0dc73a0385;c7881589-1478-499f-876c-041bcc154ac5;Regar e lavar as plantas da área externa (2 vezes por semana).;9;2026-04-10 00:50:22.830894+00;d2118d7f-a6d2-4cea-a077-3d93a0cb5663;true;true;false
43d1b786-9d39-40d9-bfef-9ecdddc51c87;c7881589-1478-499f-876c-041bcc154ac5;Americanos do Concurso em todas as mesas - internas e externas.;7;2026-04-10 00:50:22.830894+00;d2118d7f-a6d2-4cea-a077-3d93a0cb5663;false;false;false
acf886b4-c61c-4e52-afd9-1b791117d0e0;c7881589-1478-499f-876c-041bcc154ac5;Revisar limpeza e conservação dos cardápios.;5;2026-04-10 00:50:22.830894+00;d2118d7f-a6d2-4cea-a077-3d93a0cb5663;false;false;false
d6d73808-88db-469a-aba7-a02a590cb801;c7881589-1478-499f-876c-041bcc154ac5;Revisar panos de serviço — limpos e organizados.;15;2026-04-10 00:50:22.830894+00;d2118d7f-a6d2-4cea-a077-3d93a0cb5663;false;false;false
cab31306-0dfc-4e1f-b795-1e247517c058;c7881589-1478-499f-876c-041bcc154ac5;Revisar abastecimento dos banheiros: papel higiênico completo. ⭐ AVALIADO PELOS JURADOS;11;2026-04-10 00:50:22.830894+00;d2118d7f-a6d2-4cea-a077-3d93a0cb5663;false;false;false
ff3c41e6-1a6c-4801-b77e-264d84aec332;c7881589-1478-499f-876c-041bcc154ac5;Passar pano em todas as mesas (salão interno e área externa).;3;2026-04-10 00:50:22.830894+00;d2118d7f-a6d2-4cea-a077-3d93a0cb5663;false;false;false
022a8cee-eaef-456a-a9c2-5e2afc3caa3a;c7881589-1478-499f-876c-041bcc154ac5;Revisar organização e limpeza das mesas e cadeiras do salão. ⭐ AVALIADO PELOS JURADOS;2;2026-04-10 00:50:22.830894+00;d2118d7f-a6d2-4cea-a077-3d93a0cb5663;false;false;false
6e4699b6-24ed-4453-888b-54b61f980f16;c7881589-1478-499f-876c-041bcc154ac5;Revisar limpeza dos banheiros: chão, vaso, pia e espelho. ⭐ AVALIADO PELOS JURADOS;10;2026-04-10 00:50:22.830894+00;d2118d7f-a6d2-4cea-a077-3d93a0cb5663;true;true;false
37e54ca0-946b-442c-ac2c-1c42058239bb;c7881589-1478-499f-876c-041bcc154ac5;Revisar salão completo: chão limpo, espelhos sem manchas e porta limpa. ⭐ AVALIADO PELOS JURADOS;1;2026-04-10 00:50:22.830894+00;d2118d7f-a6d2-4cea-a077-3d93a0cb5663;true;true;false
88df93c7-6f13-431f-bc7d-b3801df35e47;c7881589-1478-499f-876c-041bcc154ac5;Revisar organização do aparador: jogos americanos, talheres, condimentos e guardanapos.;4;2026-04-10 00:50:22.830894+00;d2118d7f-a6d2-4cea-a077-3d93a0cb5663;false;false;false
8c33f51c-d7c2-48ca-bb52-c86812f33909;c7881589-1478-499f-876c-041bcc154ac5;Revisar bandejas para operação: organização e limpeza.;16;2026-04-10 00:50:22.830894+00;d2118d7f-a6d2-4cea-a077-3d93a0cb5663;false;false;false
9587ecb7-7e1f-4e49-a822-47fffaad9522;c7881589-1478-499f-876c-041bcc154ac5;Revisar com a cozinha se falta algum item do cardápio.;17;2026-04-10 00:50:22.830894+00;d2118d7f-a6d2-4cea-a077-3d93a0cb5663;true;false;false
88b38ba1-9e23-4637-b229-1ada45998838;c7881589-1478-499f-876c-041bcc154ac5;Revisar funcionamento da impressora do bar: ligar e verificar bobina.;19;2026-04-10 00:50:22.830894+00;d2118d7f-a6d2-4cea-a077-3d93a0cb5663;false;false;false
84cfd62e-1529-49f9-ac94-bdae39c4bc65;c7881589-1478-499f-876c-041bcc154ac5;Revisar funcionamento da impressora da cozinha: ligar e verificar bobina.;18;2026-04-10 00:50:22.830894+00;d2118d7f-a6d2-4cea-a077-3d93a0cb5663;true;false;false
22688884-c6d3-46ce-ae8f-10d3e8d54b19;c7881589-1478-499f-876c-041bcc154ac5;Verificar se computador do caixa está ligado (informar líder se houver problema).;21;2026-04-10 00:50:22.830894+00;d2118d7f-a6d2-4cea-a077-3d93a0cb5663;false;false;false
4c8bd720-d26d-48a0-8b7f-1a31896147c3;c7881589-1478-499f-876c-041bcc154ac5;Verificar se os celulares estão com bateria — colocar para carregar se necessário.;23;2026-04-10 00:50:22.830894+00;d2118d7f-a6d2-4cea-a077-3d93a0cb5663;true;false;false
78065e26-ab61-4e00-981b-85ba7c3c8a16;c7881589-1478-499f-876c-041bcc154ac5;ABRIR O BAR PONTUALMENTE ÀS 11:00h. ATRASOS NÃO SÃO TOLERADOS. ⭐ AVALIADO PELOS JURADOS;26;2026-04-10 00:50:22.830894+00;d2118d7f-a6d2-4cea-a077-3d93a0cb5663;true;false;false
87520e27-325e-43eb-8384-446afd537b9c;c7881589-1478-499f-876c-041bcc154ac5;Você tem alguma observação desta abertura? Algum item que precisa de manutenção?;25;2026-04-10 00:50:22.830894+00;d2118d7f-a6d2-4cea-a077-3d93a0cb5663;true;false;false
f17d19ea-2edd-4093-90f6-2c135824102b;c7881589-1478-499f-876c-041bcc154ac5;Ligar cafeteira, realizar higienização, abastecer com água e verificar cápsulas.;22;2026-04-10 00:50:22.830894+00;d2118d7f-a6d2-4cea-a077-3d93a0cb5663;false;false;false
8a9211fd-f4f3-4e46-9596-cc199447d97a;08dd4c3e-f335-4153-babd-6240ae340d35;Uniforme limpo e completo;1;2025-10-03 18:13:50.074475+00;d2118d7f-a6d2-4cea-a077-3d93a0cb5663;true;false;false
811d8843-1db5-4e3b-86a3-988eef0bedb1;08dd4c3e-f335-4153-babd-6240ae340d35;Comunicação com equipe de salão/bar para alinhamentos - caso tenha algum prato em falta comunicar equipe de atendimento.;14;2025-10-03 18:21:04.654376+00;d2118d7f-a6d2-4cea-a077-3d93a0cb5663;false;false;false
266cecb1-ed0d-4e3e-acb5-f38a39387754;711fa35e-048a-458f-ba91-3d6a880d40ab;Verificar a disponibilidade dos insumos e comunicar possíveis faltas ao atendente.;5;2025-10-15 22:44:06.681971+00;ee15ca04-eb0b-4d53-96b4-b45b7e1c42f9;true;false;false
99e30e13-1d47-48e3-bf87-401c05fd9576;f6a2eef8-fb0e-43f1-8af8-b5c7273b1258;Limpar coifa - 1 vez na semana. - colocar a data.;2;2025-10-15 23:35:24.571632+00;9cc8182f-5502-4416-a701-05665a56088f;true;false;false
5732d5b6-a0a1-489a-ae79-07a35cbca066;9819f71c-7cde-4b9e-9046-6f6f4e98a667;Verificar a disponibilidade dos insumos e comunicar possíveis faltas ao líder.;1;2025-10-15 23:57:58.727973+00;9cc8182f-5502-4416-a701-05665a56088f;false;false;false
d5d09c7d-b1ca-4313-bf20-14486edfbdcd;1ceb6556-869f-4919-b302-5fd68f6ac5a6;Ligar ar condicionado;22;2026-02-03 15:21:06.647743+00;9cc8182f-5502-4416-a701-05665a56088f;false;false;false
abdf94a1-ef14-4fcf-8467-256aaaea3fb2;f49d9370-650d-4fa0-a364-95ec4b6c99a4;Repor Bebidas na geladeira.;4;2025-10-15 22:58:42.925326+00;ee15ca04-eb0b-4d53-96b4-b45b7e1c42f9;false;false;false
f6162164-e343-4417-8bf7-3c6ab2993de4;711fa35e-048a-458f-ba91-3d6a880d40ab;Limpeza coifa - colocar data da realização da limpeza.;2;2025-10-15 22:42:52.869571+00;ee15ca04-eb0b-4d53-96b4-b45b7e1c42f9;true;true;true
6d18c543-1542-4e6c-b0ce-50295890af7f;092d773f-0791-4af0-a683-4c3c57756af7;Verificar se tem reserva de mesas.;9;2025-10-03 01:25:04.70719+00;d2118d7f-a6d2-4cea-a077-3d93a0cb5663;false;false;false
a0037d45-8624-4b6a-a4b4-f28486b796cb;092d773f-0791-4af0-a683-4c3c57756af7;Revisar com cozinha se falta algum item do cardápio.;6;2025-10-03 01:25:04.70719+00;d2118d7f-a6d2-4cea-a077-3d93a0cb5663;false;false;false
74bbf0b5-89c1-4e81-9fd7-56549ece61b5;092d773f-0791-4af0-a683-4c3c57756af7;Revisar papel higiênico, papel toalha e sabonete líquido.;4;2025-10-03 01:25:04.70719+00;d2118d7f-a6d2-4cea-a077-3d93a0cb5663;false;false;false
ab285d08-310b-46b4-8491-bf8c3a0f4811;351b4809-1dae-4b0c-a08d-ff34501422db;Deslogar login dos telefones.;9;2025-10-03 00:14:07.68155+00;d2118d7f-a6d2-4cea-a077-3d93a0cb5663;false;false;false
f313425b-642e-4f3c-97ef-ab959650df15;9efde674-da2a-4dbd-a679-3b2c25c17a13;Recolher mesas da rua - guarda-sol - aquecedores.;1;2025-10-03 19:57:41.356707+00;d2118d7f-a6d2-4cea-a077-3d93a0cb5663;true;true;false
2b6b05e1-e49c-44d1-8d04-6c88218beb28;9efde674-da2a-4dbd-a679-3b2c25c17a13;Assinar ponto de saída.;12;2025-10-02 23:33:08.500822+00;d2118d7f-a6d2-4cea-a077-3d93a0cb5663;false;false;false
8291974f-2191-4222-a5de-ee37d24b3115;08dd4c3e-f335-4153-babd-6240ae340d35;Ausência de adornos (brincos, anéis, pulseiras, relógios).;4;2025-10-03 18:15:33.680617+00;d2118d7f-a6d2-4cea-a077-3d93a0cb5663;false;false;false
cc32d5ab-a066-42f0-8314-c82dfcef7813;711fa35e-048a-458f-ba91-3d6a880d40ab;Preparo da produção diária.;4;2025-10-15 22:43:33.772894+00;ee15ca04-eb0b-4d53-96b4-b45b7e1c42f9;false;false;false
42af9f40-740f-42b7-ad00-de38c3a88ce8;351b4809-1dae-4b0c-a08d-ff34501422db;Esfregar panos e estender no varal.;6;2025-10-03 00:14:07.68155+00;d2118d7f-a6d2-4cea-a077-3d93a0cb5663;false;false;false
ce1fdd7c-3989-44a5-abb8-860141b77b25;351b4809-1dae-4b0c-a08d-ff34501422db;Repassar turno com equipe da noite - Mesas e contas.;8;2025-10-03 00:14:07.68155+00;d2118d7f-a6d2-4cea-a077-3d93a0cb5663;false;false;false
5e7f083a-3f95-4936-8785-03ce13614398;351b4809-1dae-4b0c-a08d-ff34501422db;Assinar ponto de saída.;10;2025-10-03 00:14:07.68155+00;d2118d7f-a6d2-4cea-a077-3d93a0cb5663;false;false;false
f4f64cc9-1ba9-4c57-b1e1-003099b2b26d;351b4809-1dae-4b0c-a08d-ff34501422db;Ver necessidade de desligar ar condicionado.;7;2025-10-03 00:14:07.68155+00;d2118d7f-a6d2-4cea-a077-3d93a0cb5663;false;false;false
05353c4c-5240-440d-b1d9-faebd362e9c8;ce8839f0-5255-4b87-a5dc-02923c8af038;REVISAR LIMPEZA BANCADAS;5;2025-10-02 23:43:44.05634+00;d2118d7f-a6d2-4cea-a077-3d93a0cb5663;true;true;false
7af48802-03d5-4c3c-a328-bac003d9d1f8;ce8839f0-5255-4b87-a5dc-02923c8af038;REVISAR LIMPEZA DAS PAREDES;8;2025-10-02 23:43:44.05634+00;d2118d7f-a6d2-4cea-a077-3d93a0cb5663;true;true;false
eb112fc8-070b-4fdf-ab5d-23fa15ae223f;ce8839f0-5255-4b87-a5dc-02923c8af038;REVISAR FECHAMENTO DO GÁS;11;2025-10-02 23:43:44.05634+00;d2118d7f-a6d2-4cea-a077-3d93a0cb5663;false;false;false
bca9d63d-52a0-4b3f-b4c2-792892888913;ce8839f0-5255-4b87-a5dc-02923c8af038;REVISAR LIMPEZA GELADEIRAS;4;2025-10-02 23:43:44.05634+00;d2118d7f-a6d2-4cea-a077-3d93a0cb5663;true;true;false
585e7d6a-83d5-47f4-b3b9-ee6a91bee8e3;ce8839f0-5255-4b87-a5dc-02923c8af038;CONFERIR ETIQUETA NOS PRODUTOS;19;2025-10-02 23:43:44.05634+00;d2118d7f-a6d2-4cea-a077-3d93a0cb5663;false;false;false
4b9c6a2b-bace-4c8a-9a3a-0863614883b7;ce8839f0-5255-4b87-a5dc-02923c8af038;VERIFICAR LIMPEZA LIXO;24;2025-10-02 23:43:44.05634+00;d2118d7f-a6d2-4cea-a077-3d93a0cb5663;false;false;false
dec86e36-3b68-4d71-a79a-928527489bd2;ce8839f0-5255-4b87-a5dc-02923c8af038;REVISAR DESLIGAMENTO DAS FRITADEIRAS;13;2025-10-02 23:43:44.05634+00;d2118d7f-a6d2-4cea-a077-3d93a0cb5663;false;false;false
a67508be-8c82-48b7-90f1-5fa8df318654;ce8839f0-5255-4b87-a5dc-02923c8af038;VERIFICAR LIMPEZA DAS TÁBUAS DE CORTES;21;2025-10-02 23:43:44.05634+00;d2118d7f-a6d2-4cea-a077-3d93a0cb5663;false;false;false
d322299e-5dbc-4820-a637-17f459817084;a3589e11-5f01-4f9c-b886-c8394c40fe6d;Chopeira limpa com detergente neutro?;3;2025-10-02 23:37:26.954768+00;d2118d7f-a6d2-4cea-a077-3d93a0cb5663;false;false;false
5032ddf1-42ad-4f73-b965-0b5e86148f6d;73726e29-cdcd-4a7f-8b91-5a5dad7cfc11;Ultracongelador está funcionando e com canecas suficientes?;19;2025-10-02 23:34:07.71635+00;d2118d7f-a6d2-4cea-a077-3d93a0cb5663;true;true;false
0e746ae1-7d70-4d1b-a5c3-3d1647aac3a6;73726e29-cdcd-4a7f-8b91-5a5dad7cfc11;Detergente, esponjas e panos para limpeza e de polimento presentes no Bar?;7;2025-10-02 23:34:00.512802+00;d2118d7f-a6d2-4cea-a077-3d93a0cb5663;false;false;false
e95fb109-e053-4f91-8962-1c3921272fff;08dd4c3e-f335-4153-babd-6240ae340d35;Cabelos presos e touca colocada.;2;2025-10-03 18:14:35.701637+00;d2118d7f-a6d2-4cea-a077-3d93a0cb5663;true;false;false
06b7bdb1-1ac9-48f7-887d-d0e183a146de;a3589e11-5f01-4f9c-b886-c8394c40fe6d;Bancada de trabalho limpa e higienizada, com caixa de gelo vazia e limpa?;11;2025-10-02 23:37:33.997389+00;d2118d7f-a6d2-4cea-a077-3d93a0cb5663;true;true;false
22409358-0136-42d8-baf9-773dd5e45bc5;a3589e11-5f01-4f9c-b886-c8394c40fe6d;Chão do bar e local de armazenagem do barril de chopp devidamente limpos e higienizados? Desperdício foi descartado?;7;2025-10-02 23:37:26.954768+00;d2118d7f-a6d2-4cea-a077-3d93a0cb5663;false;false;false
80ed53de-0eda-485b-a3b2-4d1f428ef3b8;a3589e11-5f01-4f9c-b886-c8394c40fe6d;Pano caneca de chopp separados para lavar? E Lavados?;13;2025-10-02 23:37:33.997389+00;d2118d7f-a6d2-4cea-a077-3d93a0cb5663;false;false;false
6fd505b6-c4c0-4afb-8ff3-7eb1bcf3d522;f6a2eef8-fb0e-43f1-8af8-b5c7273b1258;Alguma observação?;11;2026-02-03 15:22:03.477376+00;9cc8182f-5502-4416-a701-05665a56088f;true;false;false
9ec9676d-3e6c-44c6-a493-17a0640e9c53;08dd4c3e-f335-4153-babd-6240ae340d35;Piso limpo e seco.;5;2025-10-03 18:15:59.284168+00;d2118d7f-a6d2-4cea-a077-3d93a0cb5663;false;false;false
9bd2c483-80bd-40dd-846b-9d249d9b46fa;351b4809-1dae-4b0c-a08d-ff34501422db;Passar pano nos estofados - somente higienizar.;5;2025-10-03 00:14:07.68155+00;d2118d7f-a6d2-4cea-a077-3d93a0cb5663;false;true;false
f2b42ea9-beb2-4e49-8237-8f772bd251c2;c7881589-1478-499f-876c-041bcc154ac5;Revisar abastecimento dos banheiros: papel toalha completo. ⭐ AVALIADO PELOS JURADOS;12;2026-04-10 00:50:22.830894+00;d2118d7f-a6d2-4cea-a077-3d93a0cb5663;false;false;false
08d0cdc0-3413-4d9a-8430-6eaae4202134;ce8839f0-5255-4b87-a5dc-02923c8af038;REVISAR SE PRECISA ESTENDER PANOS LAVADOS;3;2025-10-02 23:43:50.227267+00;d2118d7f-a6d2-4cea-a077-3d93a0cb5663;false;false;false
20a1c97c-cdef-422d-a4f8-d20698e706d1;ce8839f0-5255-4b87-a5dc-02923c8af038;REVISAR LIMPEZA DAS FRITADEIRAS;12;2025-10-02 23:43:44.05634+00;d2118d7f-a6d2-4cea-a077-3d93a0cb5663;true;true;false
728b19fe-10c9-486a-81eb-f09d387a8dbc;ce8839f0-5255-4b87-a5dc-02923c8af038;REVISAR LIMPEZA DAS PIAS;6;2025-10-02 23:43:44.05634+00;d2118d7f-a6d2-4cea-a077-3d93a0cb5663;true;true;false
40194efe-fad2-40bb-abda-fbde53e90dcc;ce8839f0-5255-4b87-a5dc-02923c8af038;REVISAR NECESSIDADE DE DEIXAR PANOS DE MOLHO;2;2025-10-02 23:43:50.227267+00;d2118d7f-a6d2-4cea-a077-3d93a0cb5663;false;false;false
cfd02990-cdf0-46c5-bc27-f6f4556ff8d0;ce8839f0-5255-4b87-a5dc-02923c8af038;REVISAR LIMPEZA LAVANDERIA;1;2025-10-02 23:43:50.227267+00;d2118d7f-a6d2-4cea-a077-3d93a0cb5663;true;true;false
18065bb8-582d-417e-9719-462a1e5a642c;ce8839f0-5255-4b87-a5dc-02923c8af038;REVISAR ORGANIZAÇÃO DAS PRATELEIRAS;15;2025-10-02 23:43:44.05634+00;d2118d7f-a6d2-4cea-a077-3d93a0cb5663;true;true;false
3ee96efb-b0eb-4916-8608-9475fd12d30a;ce8839f0-5255-4b87-a5dc-02923c8af038;REVISAR LIMPEZA DOS ARMÁRIOS;7;2025-10-02 23:43:44.05634+00;d2118d7f-a6d2-4cea-a077-3d93a0cb5663;true;true;false
19b30d4d-d225-4bc7-b894-b73779d7150d;ce8839f0-5255-4b87-a5dc-02923c8af038;RETIRAR O LIXO;25;2025-10-02 23:43:44.05634+00;d2118d7f-a6d2-4cea-a077-3d93a0cb5663;false;false;false
706d287c-81ea-4dbf-8068-12deed276dd1;ce8839f0-5255-4b87-a5dc-02923c8af038;NÃO DEIXAR ALIMENTOS NO CHÃO EM HIPÓTESE ALGUMA!!!!;29;2025-10-02 23:43:44.05634+00;d2118d7f-a6d2-4cea-a077-3d93a0cb5663;false;false;false
c4f032b7-4a46-4784-9b0f-b3e81d34a7f5;ce8839f0-5255-4b87-a5dc-02923c8af038;VERIFICAR A ORGANIZAÇÃO DE ESTOQUE E ARMÁRIOS;26;2025-10-02 23:43:44.05634+00;d2118d7f-a6d2-4cea-a077-3d93a0cb5663;true;true;false
649c04a3-8275-4bf6-93b2-cab103098c61;a3589e11-5f01-4f9c-b886-c8394c40fe6d;Ultracongelador abastecido com as canecas de chopp e desligado?;4;2025-10-02 23:37:26.954768+00;d2118d7f-a6d2-4cea-a077-3d93a0cb5663;true;true;false
cbb5a457-886b-4822-baa1-08979b2062ce;a3589e11-5f01-4f9c-b886-c8394c40fe6d;Máq. de Café expresso desligada limpa e com bandejas e depósitos de capsulas higienizados?;5;2025-10-02 23:37:33.997389+00;d2118d7f-a6d2-4cea-a077-3d93a0cb5663;false;false;false
dad8940f-d0a8-4d5b-aa8c-3f5c910dca88;a3589e11-5f01-4f9c-b886-c8394c40fe6d;Copos e taças quebrados foram anotados e descartados de forma segura? E contabilizados? Qual copo quebrou? quantos? qual turno?;8;2025-10-02 23:37:33.997389+00;d2118d7f-a6d2-4cea-a077-3d93a0cb5663;true;false;false
d0ce48ae-e029-43c8-8ab2-059bf8ef47a1;a3589e11-5f01-4f9c-b886-c8394c40fe6d;Todo o Lixo foi devidamente retirado?;6;2025-10-02 23:37:26.954768+00;d2118d7f-a6d2-4cea-a077-3d93a0cb5663;false;false;false
2d14e913-5e85-465d-ad45-407a0bf32e24;a3589e11-5f01-4f9c-b886-c8394c40fe6d;Frutas de caipirinhas e drinks e demais insumos estão estoque mínimo para o dia seguinte?;10;2025-10-02 23:37:33.997389+00;d2118d7f-a6d2-4cea-a077-3d93a0cb5663;false;false;false
504862a6-33a7-402f-84bf-c022a9bdee71;73726e29-cdcd-4a7f-8b91-5a5dad7cfc11;Chopeira limpa, ligada e funcionando perfeitamente?;2;2025-10-02 23:34:00.512802+00;d2118d7f-a6d2-4cea-a077-3d93a0cb5663;false;false;false
cf655d01-9ca9-4ea3-bfee-560297f50609;73726e29-cdcd-4a7f-8b91-5a5dad7cfc11;Geladeiras e freezer do bar limpos e estocados?;4;2025-10-02 23:34:00.512802+00;d2118d7f-a6d2-4cea-a077-3d93a0cb5663;true;true;false
77cf3f3e-d12a-48e3-9b5f-21f7bd2b417b;73726e29-cdcd-4a7f-8b91-5a5dad7cfc11;Lixeira vazia e limpa?;8;2025-10-02 23:34:00.512802+00;d2118d7f-a6d2-4cea-a077-3d93a0cb5663;false;false;false
3a9f96d4-4238-4a33-aeb9-2ae57ef2a827;73726e29-cdcd-4a7f-8b91-5a5dad7cfc11;Adega de vinhos estocada e na temperatura Ideal?;5;2025-10-02 23:34:00.512802+00;d2118d7f-a6d2-4cea-a077-3d93a0cb5663;false;false;false
76109583-1633-4eab-8341-0222d89536c1;73726e29-cdcd-4a7f-8b91-5a5dad7cfc11;Balcão do Bar está limpo, organizado? Há canudos o suficiente?;6;2025-10-02 23:34:00.512802+00;d2118d7f-a6d2-4cea-a077-3d93a0cb5663;true;true;false
2d50792e-b841-420d-a0e6-38e910562314;08dd4c3e-f335-4153-babd-6240ae340d35;Equipamentos (fogão, forno, fritadeiras) limpos e prontos.;7;2025-10-03 18:16:57.031963+00;d2118d7f-a6d2-4cea-a077-3d93a0cb5663;false;false;false
5345035f-ada7-458e-82a8-1c95366f83c0;08dd4c3e-f335-4153-babd-6240ae340d35;Almoço colaboradores pronto.;15;2025-10-03 18:21:35.830115+00;d2118d7f-a6d2-4cea-a077-3d93a0cb5663;true;true;false
578e5bbe-3bb9-4aa7-8fc0-f5a6e5854651;c7881589-1478-499f-876c-041bcc154ac5;Revisar estoque de bebidas no bar — avisar equipe sobre itens em falta. ⭐ AVALIADO PELOS JURADOS;14;2026-04-10 00:50:22.830894+00;d2118d7f-a6d2-4cea-a077-3d93a0cb5663;true;false;false
35bcf52f-7d53-487e-9654-4d958d3775c7;08dd4c3e-f335-4153-babd-6240ae340d35;Panos de prato limpos disponíveis.;6;2025-10-03 18:16:20.68244+00;d2118d7f-a6d2-4cea-a077-3d93a0cb5663;false;false;false
d27f08b8-e67c-47b1-980d-ad10a6041a3a;f6a2eef8-fb0e-43f1-8af8-b5c7273b1258;Higienizar a cozinha antes de iniciar os trabalhos de manipulação de alimentos. ;3;2025-10-15 23:35:41.692945+00;9cc8182f-5502-4416-a701-05665a56088f;false;false;false
8675b31a-0acb-4092-a9da-e10eae849c14;08dd4c3e-f335-4153-babd-6240ae340d35;Unhas cortadas e sem esmalte.;3;2025-10-03 18:15:12.469116+00;d2118d7f-a6d2-4cea-a077-3d93a0cb5663;false;false;false
8c9f7ad0-df9d-454c-9469-38140abb789e;f49d9370-650d-4fa0-a364-95ec4b6c99a4;Fazer lista de bebidas para compra e enviar para Dyego.;4;2025-10-15 22:59:09.258624+00;ee15ca04-eb0b-4d53-96b4-b45b7e1c42f9;true;false;false
9f572e9b-8339-4b74-85e2-b98c0d3608dd;9819f71c-7cde-4b9e-9046-6f6f4e98a667;Limpeza geladeira balcão cozinha - 2 VEZES NA SEMANA.;2;2025-10-15 23:59:59.4304+00;9cc8182f-5502-4416-a701-05665a56088f;true;false;false
e68df684-6bca-4bca-ac88-17efa77b8036;711fa35e-048a-458f-ba91-3d6a880d40ab;Armazenar os insumos com etiqueta de data e validade.;6;2025-10-15 22:44:28.940046+00;ee15ca04-eb0b-4d53-96b4-b45b7e1c42f9;true;true;false
f7b2766c-967a-4955-aa58-63dc68e3d147;9819f71c-7cde-4b9e-9046-6f6f4e98a667;Foto da gaveta de carnes e quejos refrigerados;12;2025-12-03 01:23:59.605336+00;9cc8182f-5502-4416-a701-05665a56088f;false;true;false
606205fa-b6c1-42c2-a08d-d1f38306050b;9819f71c-7cde-4b9e-9046-6f6f4e98a667;Alguma observação?;14;2026-02-03 15:22:43.335431+00;9cc8182f-5502-4416-a701-05665a56088f;true;false;false
c2256559-6a5d-4722-8571-6d78f7a88c3a;ce8839f0-5255-4b87-a5dc-02923c8af038;CONFERIR FECHAMENTO DAS GELADEIRAS E FREEZER;18;2025-10-02 23:43:44.05634+00;d2118d7f-a6d2-4cea-a077-3d93a0cb5663;false;false;false
4852ef01-ced8-4cc6-9d37-5d20cd8cf486;9efde674-da2a-4dbd-a679-3b2c25c17a13;Guardar Caixa de som. ;11;2025-12-10 22:25:48.863607+00;d2118d7f-a6d2-4cea-a077-3d93a0cb5663;false;false;false
6a019783-0ad1-4e46-a13e-a1328f28faee;711fa35e-048a-458f-ba91-3d6a880d40ab;Relatar aos gestores qualquer necessidade de reposição ou problemas nos equipamentos.;7;2025-10-15 22:45:00.347348+00;ee15ca04-eb0b-4d53-96b4-b45b7e1c42f9;true;false;false
c88d9c52-b582-414a-a0d6-84d20aaabc32;4edd9f57-5417-4c55-b4fb-155e18e55191;Alguma observação?;16;2026-02-03 15:23:37.95395+00;9cc8182f-5502-4416-a701-05665a56088f;true;false;false
6ab96377-a35b-49c8-9c05-02c4d952abc2;f6a2eef8-fb0e-43f1-8af8-b5c7273b1258;Manipular carne - bolear - fechar em bandeja com plástico filme e ETIQUETA VALIDADE OBRIGATÓRIA. - Quantidade produzida?;4;2025-10-15 23:36:23.264634+00;9cc8182f-5502-4416-a701-05665a56088f;true;true;false
9d7b8777-a1c7-45ef-ae3e-5fc72bbb17a6;9819f71c-7cde-4b9e-9046-6f6f4e98a667;Limpeza chapa;3;2025-10-15 23:59:06.395044+00;9cc8182f-5502-4416-a701-05665a56088f;true;true;false
ed50230d-bfff-4fe1-b262-66cb3c77c5c0;9819f71c-7cde-4b9e-9046-6f6f4e98a667;Limpeza geladeira balcão depósito - 2 vezes na semana - retirar água bandeja embaixo dela.;5;2025-10-16 00:00:21.10992+00;9cc8182f-5502-4416-a701-05665a56088f;true;false;false
5b403674-0d8f-47fc-b6e2-3c5d778d3124;9819f71c-7cde-4b9e-9046-6f6f4e98a667;Retirar o lixo;8;2025-10-16 00:01:05.477888+00;9cc8182f-5502-4416-a701-05665a56088f;false;false;false
29101da6-8bb4-49f3-bf93-ec06917ba99e;f49d9370-650d-4fa0-a364-95ec4b6c99a4;Fechar caixa - enviar fechamento do caixa ao financeiro - lembre de enviar se alguma venda foi lançada de forma equivocada. ;7;2025-10-15 23:00:28.514859+00;ee15ca04-eb0b-4d53-96b4-b45b7e1c42f9;true;false;false
5e761bf2-2ee5-4c69-b7f6-f0348678adcb;f49d9370-650d-4fa0-a364-95ec4b6c99a4;1 vez na semana tirar pó da loja.;8;2025-10-15 23:00:59.791232+00;ee15ca04-eb0b-4d53-96b4-b45b7e1c42f9;false;true;false
c81c83d4-61d9-495c-8f43-91fb7591104a;f49d9370-650d-4fa0-a364-95ec4b6c99a4;Passar pano no chão.;11;2025-10-15 23:01:12.38879+00;ee15ca04-eb0b-4d53-96b4-b45b7e1c42f9;false;false;false
29681398-2f62-491e-a642-a64cf75ac103;ce8839f0-5255-4b87-a5dc-02923c8af038;VERIFICAR LIMPEZA DE CAIXA DE GORDURA;27;2025-10-02 23:43:44.05634+00;d2118d7f-a6d2-4cea-a077-3d93a0cb5663;false;false;false
cda49fb7-2c5a-4635-98de-e6110b3ef11e;facc515c-d972-472b-bb1c-1b0c50184bd8;Abrir caixa - conferir se há troco suficiente. ;1;2025-10-15 22:47:00.815064+00;ee15ca04-eb0b-4d53-96b4-b45b7e1c42f9;false;false;false
7c05cf3f-c650-46f7-a3de-f0fae40c6f80;a3589e11-5f01-4f9c-b886-c8394c40fe6d;Geladeiras reabastecidas e limpas?;2;2025-10-02 23:37:26.954768+00;d2118d7f-a6d2-4cea-a077-3d93a0cb5663;true;true;false
ab898cc9-0144-4f6e-a38f-6ab29b85c2d5;73726e29-cdcd-4a7f-8b91-5a5dad7cfc11;Realizada a sanitização das frutas (Limão e Laranja)?;1;2025-10-02 23:34:07.71635+00;d2118d7f-a6d2-4cea-a077-3d93a0cb5663;false;false;false
57e6378a-5da9-4696-932d-a7c2dc42f1a0;facc515c-d972-472b-bb1c-1b0c50184bd8;Revisar bobina das impressoras (cozinha e caixa).;10;2025-10-15 22:50:01.789425+00;ee15ca04-eb0b-4d53-96b4-b45b7e1c42f9;false;false;false
b3a31d49-63d4-4337-b01b-f1fa79322bb5;73726e29-cdcd-4a7f-8b91-5a5dad7cfc11;Geladeiras abastecidas e com as bebidas geladas?;9;2025-10-02 23:34:07.71635+00;d2118d7f-a6d2-4cea-a077-3d93a0cb5663;true;true;false
0f7cc048-9a34-4655-86f2-a367f43b8f4a;f6a2eef8-fb0e-43f1-8af8-b5c7273b1258;Higienizar os vegetais, armazenar etiquetado com data de produção - para uso do dia.;5;2025-10-15 23:37:24.375078+00;9cc8182f-5502-4416-a701-05665a56088f;false;false;false
299a07b4-cdb5-4c0d-b2b4-bd8efeaa6635;f6a2eef8-fb0e-43f1-8af8-b5c7273b1258;Deixar a cozinha toda limpa para abertura da loja.;8;2025-10-15 23:39:15.22452+00;9cc8182f-5502-4416-a701-05665a56088f;false;true;false
a9ed7ac9-b95f-4199-bc7f-0469c4f3e6a7;73726e29-cdcd-4a7f-8b91-5a5dad7cfc11;Taças devidamente polidas e organizadas na prateleira?;10;2025-10-02 23:34:00.512802+00;d2118d7f-a6d2-4cea-a077-3d93a0cb5663;false;false;false
f6cdefa5-5505-41dc-839e-505525738249;73726e29-cdcd-4a7f-8b91-5a5dad7cfc11;Copos limpos, organizados?;11;2025-10-02 23:34:07.71635+00;d2118d7f-a6d2-4cea-a077-3d93a0cb5663;false;false;false
764cc78c-d7be-4055-af6e-3ed0c3f0b0bc;73726e29-cdcd-4a7f-8b91-5a5dad7cfc11;Barril de Chopp conectado, dentro da validade, e em quantidade suficiente para o turno? Deposito do Barril devidamente higienizado?;3;2025-10-02 23:34:07.71635+00;d2118d7f-a6d2-4cea-a077-3d93a0cb5663;false;false;false
46885dfd-94c0-40e4-83ab-b3fe635754cb;9819f71c-7cde-4b9e-9046-6f6f4e98a667;Fazer lista de compras para o dia seguinte.;7;2025-10-16 00:01:22.449706+00;9cc8182f-5502-4416-a701-05665a56088f;false;false;false
d5a308a6-ef0d-4144-964a-82f5137bbd5b;73726e29-cdcd-4a7f-8b91-5a5dad7cfc11;Gelo suficiente para o dia todo da operação?;13;2025-10-02 23:34:07.71635+00;d2118d7f-a6d2-4cea-a077-3d93a0cb5663;false;false;false
76498698-4245-49f6-a639-4e7d87fede47;9819f71c-7cde-4b9e-9046-6f6f4e98a667;Verificar se todos os produtos produzidos estão com etiqueta de validade. ;11;2025-10-16 00:02:05.254256+00;9cc8182f-5502-4416-a701-05665a56088f;false;false;false
e00955ab-7318-45f6-a2eb-81d6c39e189f;73726e29-cdcd-4a7f-8b91-5a5dad7cfc11;Geladeiras estão limpas? Vidros das geladeiras sem marcas?;18;2025-10-02 23:34:00.512802+00;d2118d7f-a6d2-4cea-a077-3d93a0cb5663;true;true;false
9dbd0df1-0cc6-470d-a883-14452e0a8406;f49d9370-650d-4fa0-a364-95ec4b6c99a4;Desligar televisão.;9;2025-10-15 23:00:43.008834+00;ee15ca04-eb0b-4d53-96b4-b45b7e1c42f9;false;false;false
4ff1a860-171b-454b-b135-75fc31355b04;9819f71c-7cde-4b9e-9046-6f6f4e98a667;Foto da prateleira dos pãos armazenados corretamente. ;13;2025-12-21 19:39:55.954817+00;9cc8182f-5502-4416-a701-05665a56088f;false;true;false
c8f1c3a4-81c1-4dd4-ba80-1ddd09262edc;73726e29-cdcd-4a7f-8b91-5a5dad7cfc11;Estante do bar está sem poeira?;17;2025-10-02 23:34:07.71635+00;d2118d7f-a6d2-4cea-a077-3d93a0cb5663;false;false;false
da6fa9b0-66bf-4c53-a493-f73dfe665098;73726e29-cdcd-4a7f-8b91-5a5dad7cfc11;Pia está desentupida?;16;2025-10-02 23:34:00.512802+00;d2118d7f-a6d2-4cea-a077-3d93a0cb5663;true;false;false
76b4c9cc-884a-479b-bd2b-ddd97b808df0;73726e29-cdcd-4a7f-8b91-5a5dad7cfc11;Todas as bebidas estão organizadas?;14;2025-10-02 23:34:07.71635+00;d2118d7f-a6d2-4cea-a077-3d93a0cb5663;false;false;false
f7a45313-253f-4b54-ab59-91c252755634;73726e29-cdcd-4a7f-8b91-5a5dad7cfc11;Todos os utensílios utilizados estão funcionando? Inclusive garrafa sifão?;15;2025-10-02 23:34:00.512802+00;d2118d7f-a6d2-4cea-a077-3d93a0cb5663;false;false;false
6542117b-2578-49fb-8bd7-e9afe4c1cad1;73726e29-cdcd-4a7f-8b91-5a5dad7cfc11;Utensílios: Facas, Pegadores, Macerador, Medidor, Peneira estão de acordo?;12;2025-10-02 23:34:07.71635+00;d2118d7f-a6d2-4cea-a077-3d93a0cb5663;false;false;false
d563f9dc-9a79-4d49-8fad-eb4acf6e878a;facc515c-d972-472b-bb1c-1b0c50184bd8;Ligar luz balcão atendimento frente. ;2;2025-10-15 22:47:26.872048+00;ee15ca04-eb0b-4d53-96b4-b45b7e1c42f9;false;false;false
04d3e69f-ef04-4b71-b149-7e1f39143c66;facc515c-d972-472b-bb1c-1b0c50184bd8;Verificar com a cozinha se tem algum item faltando para informar a gestão do ifood e solicitar pausa. ;5;2025-10-15 22:48:35.748011+00;ee15ca04-eb0b-4d53-96b4-b45b7e1c42f9;false;false;false
0b3dc925-a636-4633-8691-0dd51d460497;facc515c-d972-472b-bb1c-1b0c50184bd8;Conferir Pagers.;9;2025-10-15 22:49:42.276403+00;ee15ca04-eb0b-4d53-96b4-b45b7e1c42f9;false;false;false
f8d7882d-f81c-49f6-a2f5-20771ecfaa6f;ce8839f0-5255-4b87-a5dc-02923c8af038;REVISAR LIMPEZA E DESLIGAMENTO COIFA;14;2025-10-02 23:43:44.05634+00;d2118d7f-a6d2-4cea-a077-3d93a0cb5663;false;false;false
bb6b14be-c5b6-40ee-8586-7eb496990d8a;f6a2eef8-fb0e-43f1-8af8-b5c7273b1258;Manipulação dos vegetais - fazer de acordo com o estoque mínimo. Colocar etiqueta validade. - Quantidade produzida? Quais itens?;6;2025-10-15 23:38:01.931014+00;9cc8182f-5502-4416-a701-05665a56088f;true;false;false
75beaeb2-72d9-44c2-8548-ce597f81ce8d;9819f71c-7cde-4b9e-9046-6f6f4e98a667;Deixar os itens da coifa de molho 1 vez na semana.;6;2025-10-16 00:00:53.127801+00;9cc8182f-5502-4416-a701-05665a56088f;true;false;false
d397bdf5-603b-4877-870c-57b51455928d;9819f71c-7cde-4b9e-9046-6f6f4e98a667;Relatar ao líder qualquer necessidade de reposição ou problemas nos equipamentos.;9;2025-10-16 00:01:37.552527+00;9cc8182f-5502-4416-a701-05665a56088f;true;false;false
3d27448c-a26c-464c-99e4-907f39a59197;a3589e11-5f01-4f9c-b886-c8394c40fe6d;O Balcão refrigerado foi limpo?;1;2025-10-02 23:37:33.997389+00;d2118d7f-a6d2-4cea-a077-3d93a0cb5663;true;true;false
a9ae5b66-7626-41e5-bce5-612358da2f48;f49d9370-650d-4fa0-a364-95ec4b6c99a4;Alguma Observação?;15;2025-10-15 23:02:10.636196+00;ee15ca04-eb0b-4d53-96b4-b45b7e1c42f9;true;false;false
8811cef8-ef15-47a7-81cc-9ad79c341b84;f49d9370-650d-4fa0-a364-95ec4b6c99a4;Colocar água nas plantas quando necessário.;10;2025-10-15 23:01:29.790897+00;ee15ca04-eb0b-4d53-96b4-b45b7e1c42f9;true;true;true
2c237b3a-317a-4006-9332-94bce3159671;a3589e11-5f01-4f9c-b886-c8394c40fe6d;Todos os copos e taças guardados nas prateleiras?;9;2025-10-02 23:37:26.954768+00;d2118d7f-a6d2-4cea-a077-3d93a0cb5663;false;false;false
006ac112-e1c0-4f0a-b75a-98cba8877df5;a3589e11-5f01-4f9c-b886-c8394c40fe6d;Vinhos vendidos foram reabastecidos, ou, se estiverem em falta foram marcados na lista de compras?;14;2025-10-02 23:37:26.954768+00;d2118d7f-a6d2-4cea-a077-3d93a0cb5663;false;false;false
7148c3db-b852-4582-a723-422172308e20;a3589e11-5f01-4f9c-b886-c8394c40fe6d;Lista de compras com produtos faltantes ou estoque baixo enviada para Dyego?;15;2025-10-02 23:37:26.954768+00;d2118d7f-a6d2-4cea-a077-3d93a0cb5663;true;false;false
e915b6c0-8ba7-411c-a1eb-c247f414c26b;a3589e11-5f01-4f9c-b886-c8394c40fe6d;Lixeiras estão limpas e higienizadas internamente e externamente? Do bar.;12;2025-10-02 23:37:26.954768+00;d2118d7f-a6d2-4cea-a077-3d93a0cb5663;false;false;false
44bf2221-3cc7-4d40-88d8-f44500a45c51;092d773f-0791-4af0-a683-4c3c57756af7;Revisar limpeza e organização mesas da rua.;1;2025-10-03 01:24:58.739006+00;d2118d7f-a6d2-4cea-a077-3d93a0cb5663;true;true;false
c22061a5-dcd0-42e8-9dd1-c76c638b709d;facc515c-d972-472b-bb1c-1b0c50184bd8;Ligar televisão (fotos).;3;2025-10-15 22:47:44.342793+00;ee15ca04-eb0b-4d53-96b4-b45b7e1c42f9;false;false;false
500fb681-7579-4aa2-920e-cf4a27b4bd93;facc515c-d972-472b-bb1c-1b0c50184bd8;Conferir Sal, palito, talheres, bandejas, pimentas.;6;2025-10-15 22:48:46.31262+00;ee15ca04-eb0b-4d53-96b4-b45b7e1c42f9;false;false;false
46fbd15b-c044-4dd9-8c65-5cca2c371e0f;092d773f-0791-4af0-a683-4c3c57756af7;Revisar limpeza e organização banheiros.;3;2025-10-03 01:24:58.739006+00;d2118d7f-a6d2-4cea-a077-3d93a0cb5663;true;true;false
2fb9bb8e-7e06-4f37-b36f-bb145798cd98;092d773f-0791-4af0-a683-4c3c57756af7;Revisar Aparador - organização e limpeza.;5;2025-10-03 01:24:58.739006+00;d2118d7f-a6d2-4cea-a077-3d93a0cb5663;true;true;false
8ec12ddf-87fb-49ae-805b-539e94b57695;092d773f-0791-4af0-a683-4c3c57756af7;Alguma observação?;10;2025-10-03 01:24:58.739006+00;d2118d7f-a6d2-4cea-a077-3d93a0cb5663;true;false;false
fdb9fc08-4610-44d5-9310-da0354f30d81;f6a2eef8-fb0e-43f1-8af8-b5c7273b1258;Fazer os molhos - quantidade para utilizar dia e noite do mesmo dia. Colocar etiqueta. - Quantidade produzida? Quais itens?;7;2025-10-15 23:38:26.200468+00;9cc8182f-5502-4416-a701-05665a56088f;true;false;false
23296859-eb30-463c-ac7c-0e8208c6a7d6;351b4809-1dae-4b0c-a08d-ff34501422db;Retirar Lixo dos banheiros e recolocar saco nas lixeiras.;2;2025-10-03 00:14:07.68155+00;d2118d7f-a6d2-4cea-a077-3d93a0cb5663;false;false;false
0e836b89-deaa-443d-b6d8-b7f17453073b;351b4809-1dae-4b0c-a08d-ff34501422db;Limpar Salão - varrer e passar pano.;3;2025-10-03 00:14:07.68155+00;d2118d7f-a6d2-4cea-a077-3d93a0cb5663;true;true;false
f94cfb73-3ed6-4570-99b3-e7cc899c8941;351b4809-1dae-4b0c-a08d-ff34501422db;Limpar Mesas e organizar cadeiras.;4;2025-10-03 00:14:07.68155+00;d2118d7f-a6d2-4cea-a077-3d93a0cb5663;false;false;false
e5db0bc5-ff45-4486-a665-446095dbf2bf;351b4809-1dae-4b0c-a08d-ff34501422db;Higienizar banheiros - Chão, Bacio, Paredes, Pia, Espelho.;1;2025-10-03 00:14:07.68155+00;d2118d7f-a6d2-4cea-a077-3d93a0cb5663;true;true;false
46970106-4b1e-4e26-b3fe-c902710f20a2;9819f71c-7cde-4b9e-9046-6f6f4e98a667;Limpeza geral, chão, pia, bancadas.;10;2025-10-16 00:04:45.818975+00;9cc8182f-5502-4416-a701-05665a56088f;false;true;false
3b172dc7-ce14-4988-ae17-6996ebaf7f0a;ce8839f0-5255-4b87-a5dc-02923c8af038;REVISAR FECHAMENTO DAS BOCAS DO FOGÃO;10;2025-10-02 23:43:50.227267+00;d2118d7f-a6d2-4cea-a077-3d93a0cb5663;false;false;false
987f6f5c-8da9-4537-80d5-3c98e63cedab;facc515c-d972-472b-bb1c-1b0c50184bd8;Conferir bebidas. ;13;2025-10-15 22:50:19.540637+00;ee15ca04-eb0b-4d53-96b4-b45b7e1c42f9;false;false;false
397ce167-76f0-4fef-b995-ed50a94da587;ce8839f0-5255-4b87-a5dc-02923c8af038;REVISAR LIMPEZA DO FOGÃO;9;2025-10-02 23:43:50.227267+00;d2118d7f-a6d2-4cea-a077-3d93a0cb5663;true;true;false
c17d6989-388a-4eb7-9df9-128e7845afb7;f49d9370-650d-4fa0-a364-95ec4b6c99a4;Fechar lona da loja.;14;2025-10-15 23:01:56.606649+00;ee15ca04-eb0b-4d53-96b4-b45b7e1c42f9;false;false;false
4041298b-85be-4935-9768-0d580a276f8b;ce8839f0-5255-4b87-a5dc-02923c8af038;REVISAR LIMPEZA E DESLIGAMENTO DO AR CONDICIONADO;17;2025-10-02 23:43:50.227267+00;d2118d7f-a6d2-4cea-a077-3d93a0cb5663;false;false;false
f745eec3-c828-4bc6-a479-f17bda48e2d6;ce8839f0-5255-4b87-a5dc-02923c8af038;REVISAR ORGANIZAÇÃO DAS LOUÇAS E UTENSILIOS;16;2025-10-02 23:43:50.227267+00;d2118d7f-a6d2-4cea-a077-3d93a0cb5663;true;true;false
38d05736-cf93-4b58-8b42-ddd932e2b4d8;ce8839f0-5255-4b87-a5dc-02923c8af038;VERIFICAR LIMPEZA DE RESPINGOS NO MAQUINÁRIO;23;2025-10-02 23:43:50.227267+00;d2118d7f-a6d2-4cea-a077-3d93a0cb5663;false;false;false
885792a4-a442-4771-bc8c-f599c4e185d9;f49d9370-650d-4fa0-a364-95ec4b6c99a4;Apagar luzes.;16;2025-10-15 23:01:43.252412+00;ee15ca04-eb0b-4d53-96b4-b45b7e1c42f9;false;false;false
e52ede10-b711-4bf3-86b7-4e2cdd0490c0;ce8839f0-5255-4b87-a5dc-02923c8af038;CONFERIR MOTOR CÂMERA FRIA;20;2025-10-02 23:43:50.227267+00;d2118d7f-a6d2-4cea-a077-3d93a0cb5663;false;false;false
54fc0031-fede-4777-bf56-ffafcf395cc3;ce8839f0-5255-4b87-a5dc-02923c8af038;ESTOQUE - ANOTAR ITENS QUE PRECISAM SER REABASTECIDOS PARA O DIA SEGUINTE;30;2025-10-02 23:43:50.227267+00;d2118d7f-a6d2-4cea-a077-3d93a0cb5663;false;false;false
e358dcc6-fd3e-4a54-b7cb-c48cdb3335ab;ce8839f0-5255-4b87-a5dc-02923c8af038;RETIRAR TODOS OS PROUDTOS DE CAIXA DE PAPELÃO;28;2025-10-02 23:43:50.227267+00;d2118d7f-a6d2-4cea-a077-3d93a0cb5663;false;false;false
6eafef1d-3e40-4b10-9b9b-1cf1d936870b;ce8839f0-5255-4b87-a5dc-02923c8af038;ALGUMA OBSERVAÇÃO ou ALGUM EQUIPAMENTO PRECISANDO DE MANUTENÇÃO?;31;2025-10-02 23:43:50.227267+00;d2118d7f-a6d2-4cea-a077-3d93a0cb5663;true;false;false
5796e160-6bb4-44c6-bc59-9184e531ce90;ce8839f0-5255-4b87-a5dc-02923c8af038;VERIFICAR LIMPEZA DO CHÃO;22;2025-10-02 23:43:50.227267+00;d2118d7f-a6d2-4cea-a077-3d93a0cb5663;false;false;false
88211fb1-c7d7-468d-9c0d-3048361f4401;facc515c-d972-472b-bb1c-1b0c50184bd8;Conferir bateria máquinas de cartão.;8;2025-10-15 22:49:26.370237+00;ee15ca04-eb0b-4d53-96b4-b45b7e1c42f9;false;false;false
bf3bbc6f-6157-46e9-8be3-a778b813c61b;f6a2eef8-fb0e-43f1-8af8-b5c7273b1258;Receber e armazenar os insumos, garantindo a organização e etiquetagem.;9;2025-10-15 23:38:44.843708+00;9cc8182f-5502-4416-a701-05665a56088f;false;false;false
205e965f-a7cd-41d3-b350-4a295967e0d6;f6a2eef8-fb0e-43f1-8af8-b5c7273b1258;Limpeza  freezer branco 2 vezes na semana.;3;2025-10-16 00:06:36.075287+00;9cc8182f-5502-4416-a701-05665a56088f;true;false;false
cf33e826-544c-4b85-8f4f-62d14b521a96;f6a2eef8-fb0e-43f1-8af8-b5c7273b1258;Preparar cebola crispy - etiquetar embalagem.;6;2025-10-16 00:06:59.055081+00;9cc8182f-5502-4416-a701-05665a56088f;false;false;false
d8475346-b2df-4092-b472-db8dd27e7ac7;facc515c-d972-472b-bb1c-1b0c50184bd8;Abrir gestor IFOOD;4;2025-10-15 22:48:09.209366+00;ee15ca04-eb0b-4d53-96b4-b45b7e1c42f9;false;true;false
b986ffc7-c63d-4d47-8934-06556a6109ad;facc515c-d972-472b-bb1c-1b0c50184bd8;Limpar e arrumar balcão e cardápios.;7;2025-10-15 22:50:49.461452+00;ee15ca04-eb0b-4d53-96b4-b45b7e1c42f9;true;true;false
9f7a8af3-8a2f-4f07-8f8c-2b9ecc95d4f5;f49d9370-650d-4fa0-a364-95ec4b6c99a4;Revisar embalagens descartáveis.;3;2025-10-15 23:05:06.890781+00;ee15ca04-eb0b-4d53-96b4-b45b7e1c42f9;false;false;false
73b9ede5-688f-4105-a95e-88d371169907;f6a2eef8-fb0e-43f1-8af8-b5c7273b1258;Relatar ao líder qualquer necessidade de reposição ou problemas nos equipamentos.;10;2025-10-15 23:40:11.252359+00;9cc8182f-5502-4416-a701-05665a56088f;true;false;false
d2e46e57-f543-4ddd-8edb-99225648d3f1;facc515c-d972-472b-bb1c-1b0c50184bd8;Conferir com a cozinha o prato especial do dia (semana).;11;2025-10-15 22:51:37.692419+00;ee15ca04-eb0b-4d53-96b4-b45b7e1c42f9;false;false;false
3ffce18b-38ae-4208-bed8-a11c2f325d7b;092d773f-0791-4af0-a683-4c3c57756af7;Revisar se a carta de vinhos está completa ou se tem algum vinho faltando - comunicar os outros colegas.;8;2025-10-03 01:25:04.70719+00;d2118d7f-a6d2-4cea-a077-3d93a0cb5663;false;false;false
632a4203-94f9-49d7-bd24-baff80741cef;48a78a91-418a-4086-b09f-5355e8a0f79d;Realizar limpeza de manutenção diária na geladeira e freezer.;3;2025-10-16 00:22:06.958321+00;ee15ca04-eb0b-4d53-96b4-b45b7e1c42f9;false;true;false
61b917cb-ffa6-41d9-b0d8-be95fa39ac66;092d773f-0791-4af0-a683-4c3c57756af7;Revisar com Bar se falta algum item do cardápio - passar informação para os outros colegas.;7;2025-10-03 01:25:04.70719+00;d2118d7f-a6d2-4cea-a077-3d93a0cb5663;false;false;false
2f077357-1647-4abb-a8e7-4632f041d473;4edd9f57-5417-4c55-b4fb-155e18e55191;Retirar lixos.;1;2025-10-15 23:41:10.458568+00;9cc8182f-5502-4416-a701-05665a56088f;false;false;false
9751aff0-2331-4785-90e9-6b3ddc9bae87;4edd9f57-5417-4c55-b4fb-155e18e55191;Fechar caixa enviar para Dani. ;5;2025-10-15 23:42:05.052439+00;9cc8182f-5502-4416-a701-05665a56088f;false;false;false
f9663802-a892-4b3d-9109-e38c1042ae89;4edd9f57-5417-4c55-b4fb-155e18e55191;Revisar embalagens descartáveis.;9;2025-10-15 23:43:52.76851+00;9cc8182f-5502-4416-a701-05665a56088f;false;false;false
b7a4e408-c011-4cc0-a88f-ff784e01fb38;4edd9f57-5417-4c55-b4fb-155e18e55191;Desligar ar condicionado.;13;2025-10-15 23:44:30.873715+00;9cc8182f-5502-4416-a701-05665a56088f;false;true;false
87dce7d2-8ab9-42a9-b386-a9f3ad406045;facc515c-d972-472b-bb1c-1b0c50184bd8;Alguma observação?;14;2025-10-15 22:52:08.997986+00;ee15ca04-eb0b-4d53-96b4-b45b7e1c42f9;true;false;false
04e46843-0b2f-4ef0-8523-0f2adc9a592e;facc515c-d972-472b-bb1c-1b0c50184bd8;EMBALAGEM DELIVERY SUFICIENTE? CASO NÃO, AVISAR IMEDIATAMENTE O DYEGO. ;12;2025-10-16 17:15:50.235394+00;ee15ca04-eb0b-4d53-96b4-b45b7e1c42f9;true;false;false
256dbe6a-ff8c-4b2c-9244-9b0eb210826b;4edd9f57-5417-4c55-b4fb-155e18e55191;Limpar Salão (varrer e passar pano).;2;2025-10-15 23:41:22.688919+00;9cc8182f-5502-4416-a701-05665a56088f;false;false;false
b7bc3a75-850e-43ce-aae8-6ccdb36d0624;4edd9f57-5417-4c55-b4fb-155e18e55191;Enviar lista de bebidas para compra. ;7;2025-10-15 23:43:16.723834+00;9cc8182f-5502-4416-a701-05665a56088f;false;false;false
f5dfb891-bf3e-424f-b16a-703480402692;4edd9f57-5417-4c55-b4fb-155e18e55191; Desligar chama senha.;14;2025-10-15 23:45:00.128322+00;9cc8182f-5502-4416-a701-05665a56088f;false;false;false
fdb4eda8-1db8-40cd-935a-203505c805b4;4edd9f57-5417-4c55-b4fb-155e18e55191;Desligar luzes.;15;2025-10-15 23:45:13.294451+00;9cc8182f-5502-4416-a701-05665a56088f;false;false;false
26036acc-f810-40d2-be26-037bcbf895ca;4edd9f57-5417-4c55-b4fb-155e18e55191;Revisar abastecimento de geladeiras deixar abastecido. ;6;2025-10-15 23:42:38.072143+00;9cc8182f-5502-4416-a701-05665a56088f;false;false;false
68779d9f-fb25-4e11-b97b-1c7a358b8e1b;48a78a91-418a-4086-b09f-5355e8a0f79d;Verificar a disponibilidade dos insumos e comunicar possíveis faltas ao Dyego.;1;2025-10-15 22:52:56.679866+00;ee15ca04-eb0b-4d53-96b4-b45b7e1c42f9;true;false;false
c76cf270-9def-4b67-9fb1-ac3b042847df;48a78a91-418a-4086-b09f-5355e8a0f79d;Limpeza freezer GERAL - colocar data da realização da limpeza - limpeza 1 vez na semana.;5;2025-10-15 22:53:56.070745+00;ee15ca04-eb0b-4d53-96b4-b45b7e1c42f9;true;true;true
1cf02fd8-e48e-4314-a030-b71f085ce3ae;f49d9370-650d-4fa0-a364-95ec4b6c99a4;Verificar embalagens delivery para o dia seguinte, caso insuficiente mande na lista de compras.;13;2025-10-16 17:20:49.740601+00;ee15ca04-eb0b-4d53-96b4-b45b7e1c42f9;true;true;false
aec46a99-7ec5-4cdf-ba28-b1c45c06e6c2;4edd9f57-5417-4c55-b4fb-155e18e55191;Limpar Mesas e organizar cadeiras internas e externas.;3;2025-10-15 23:41:35.866888+00;9cc8182f-5502-4416-a701-05665a56088f;false;false;false
a60b6ceb-c0f3-4eba-88f4-2caa5feb11c2;4edd9f57-5417-4c55-b4fb-155e18e55191;Revisar molhos embalados.;11;2025-10-15 23:44:06.071214+00;9cc8182f-5502-4416-a701-05665a56088f;false;false;false
1b843a6e-dc4d-4bda-b9a0-6d65972a91e1;4edd9f57-5417-4c55-b4fb-155e18e55191; Desligar caixa de som.;12;2025-10-15 23:44:17.710723+00;9cc8182f-5502-4416-a701-05665a56088f;false;false;false
5dd74f30-8ee3-4aae-a191-02a6bb1fcf45;4edd9f57-5417-4c55-b4fb-155e18e55191;Deixar computador ligado - SEM VOLUME.;10;2025-10-15 23:46:42.543626+00;9cc8182f-5502-4416-a701-05665a56088f;false;false;false
37123e88-1444-4378-8de2-babe52c98b12;48a78a91-418a-4086-b09f-5355e8a0f79d;Organizar o armazenamento dos insumos secos e hortifruti.;7;2025-10-15 22:54:40.350357+00;ee15ca04-eb0b-4d53-96b4-b45b7e1c42f9;false;true;false
e26a21e0-253b-4085-9940-42ef4ab0cb5e;48a78a91-418a-4086-b09f-5355e8a0f79d;Verificar porcionamento dos insumos e se estão armazenados de forma correta. TODOS com etiqueta de validade. ;2;2025-10-15 22:53:12.182932+00;ee15ca04-eb0b-4d53-96b4-b45b7e1c42f9;false;true;false
577d107b-8b99-4186-8e28-462bd0832507;48a78a91-418a-4086-b09f-5355e8a0f79d;Relatar aos gestores qualquer necessidade de reposição ou problemas nos equipamentos. Deixe aqui registrado também. ;10;2025-10-15 22:55:50.146135+00;ee15ca04-eb0b-4d53-96b4-b45b7e1c42f9;true;false;false
0a038e8b-f8c6-4dda-8ee5-94776aa6b2c5;f49d9370-650d-4fa0-a364-95ec4b6c99a4;Contagem talheres por unidade - Faca - garfo - colher;2;2025-10-31 15:30:21.28588+00;ee15ca04-eb0b-4d53-96b4-b45b7e1c42f9;true;false;true
12a2c365-80d2-4b08-a0f1-379d68dac492;9efde674-da2a-4dbd-a679-3b2c25c17a13;Higienizar banheiros - Chão, Bacio, Paredes, Pia, Espelho.;2;2025-10-02 23:33:08.500822+00;d2118d7f-a6d2-4cea-a077-3d93a0cb5663;true;true;false
268a9898-398e-4356-b869-91797e3820af;9efde674-da2a-4dbd-a679-3b2c25c17a13;Limpar Salão - varrer e passar pano.;4;2025-10-02 23:33:01.718353+00;d2118d7f-a6d2-4cea-a077-3d93a0cb5663;true;true;false
ec9215d1-7332-4b89-b7c3-8ad41dc81a44;9efde674-da2a-4dbd-a679-3b2c25c17a13;Passar pano nos estofados.;6;2025-10-02 23:33:01.718353+00;d2118d7f-a6d2-4cea-a077-3d93a0cb5663;true;true;false
8a89f0bd-1640-449d-8135-85c39a982638;9efde674-da2a-4dbd-a679-3b2c25c17a13;Limpar Mesas e organizar cadeiras.;5;2025-10-02 23:33:08.500822+00;d2118d7f-a6d2-4cea-a077-3d93a0cb5663;false;false;false
22ba39f3-6938-470d-ba4a-15d0514e8b79;9efde674-da2a-4dbd-a679-3b2c25c17a13;Retirar Lixo dos banheiros e recolocar saco nas lixeiras.;3;2025-10-02 23:33:08.500822+00;d2118d7f-a6d2-4cea-a077-3d93a0cb5663;false;false;false
6c959c01-5198-4492-a856-883a61257f0d;48a78a91-418a-4086-b09f-5355e8a0f79d;Não deixar louça de um dia para o outro. ;8;2025-10-15 22:54:57.52965+00;ee15ca04-eb0b-4d53-96b4-b45b7e1c42f9;false;true;false
98cb2194-2e20-474c-8a9c-5531e4944409;4edd9f57-5417-4c55-b4fb-155e18e55191;Passar pano nos estofados.;4;2025-10-15 23:41:51.232759+00;9cc8182f-5502-4416-a701-05665a56088f;false;false;false
3c7418e4-ec62-464b-a906-0500325451c6;4edd9f57-5417-4c55-b4fb-155e18e55191;Higienizar as bandejas.;8;2025-10-15 23:43:35.383609+00;9cc8182f-5502-4416-a701-05665a56088f;false;false;false
bd8598b0-6d3c-4813-8e41-417af21d2ad3;9efde674-da2a-4dbd-a679-3b2c25c17a13;Deslogar login dos telefones.;9;2025-10-02 23:33:01.718353+00;d2118d7f-a6d2-4cea-a077-3d93a0cb5663;false;false;false
61b95734-dff4-4e30-9e2b-9832dfab134b;4edd9f57-5417-4c55-b4fb-155e18e55191; Desligar televisores. ;16;2025-10-15 23:44:45.898631+00;9cc8182f-5502-4416-a701-05665a56088f;false;false;false
6cfd215e-203f-4d69-9c45-4a2fce80cf17;48a78a91-418a-4086-b09f-5355e8a0f79d;Realizar limpeza geral da cozinha (chão, paredes);4;2025-10-15 22:53:36.228245+00;ee15ca04-eb0b-4d53-96b4-b45b7e1c42f9;false;false;false
63cd2324-9dc0-4cb9-95a3-679c30736210;9efde674-da2a-4dbd-a679-3b2c25c17a13;Desligar ar condicionado.;8;2025-10-02 23:33:01.718353+00;d2118d7f-a6d2-4cea-a077-3d93a0cb5663;true;true;false
2077f9bc-e98b-421b-942e-26362c58cfd0;9efde674-da2a-4dbd-a679-3b2c25c17a13;Colocar celulares no caixa - Entregar para a Liderança.;10;2025-10-02 23:33:01.718353+00;d2118d7f-a6d2-4cea-a077-3d93a0cb5663;false;false;false
3a2907b7-4f0e-4b47-8314-df257d2f408c;9efde674-da2a-4dbd-a679-3b2c25c17a13;Esfregar panos e estender no varal.;7;2025-10-02 23:33:01.718353+00;d2118d7f-a6d2-4cea-a077-3d93a0cb5663;false;false;false
d556f683-77a5-4e53-81fe-92200a23eb6e;1ceb6556-869f-4919-b302-5fd68f6ac5a6;Colocar máquina cartão para carregar;1;2025-10-15 23:48:14.297691+00;9cc8182f-5502-4416-a701-05665a56088f;false;false;false
e27d616a-aa8f-4f70-b3a1-be05faed3c6b;1ceb6556-869f-4919-b302-5fd68f6ac5a6;Arrumar frente loja com mesas e cadeiras;4;2025-10-15 23:49:12.130293+00;9cc8182f-5502-4416-a701-05665a56088f;false;false;false
f893dc7d-94f4-4a15-945b-4bb786cbfc3d;1ceb6556-869f-4919-b302-5fd68f6ac5a6;Colocar saco de lixo nas lixeiras;8;2025-10-15 23:50:21.497904+00;9cc8182f-5502-4416-a701-05665a56088f;false;false;false
706abffb-5873-4567-b9ba-dad4af974c70;1ceb6556-869f-4919-b302-5fd68f6ac5a6;Abrir caixa - conferir se há troco suficiente. ;13;2025-10-15 23:51:33.010476+00;9cc8182f-5502-4416-a701-05665a56088f;false;false;false
d92785bb-50d3-47b9-94e4-38195c864b26;1ceb6556-869f-4919-b302-5fd68f6ac5a6;Revisar com cozinha se falta algum item - comunicar a falta para a gestão do ifood.;16;2025-10-15 23:53:12.337664+00;9cc8182f-5502-4416-a701-05665a56088f;false;false;false
3ba26d6f-39aa-45be-a6c4-ea644c44d520;1ceb6556-869f-4919-b302-5fd68f6ac5a6;Colocar caixa de som para carregar;2;2025-10-15 23:48:39.282636+00;9cc8182f-5502-4416-a701-05665a56088f;false;false;false
9add464a-c290-495e-b776-2395b50bc3cf;1ceb6556-869f-4919-b302-5fd68f6ac5a6;Limpar grade do chama senha;5;2025-10-15 23:49:30.655647+00;9cc8182f-5502-4416-a701-05665a56088f;false;false;false
ff19a64b-4fa8-4ef2-b02f-b505aeddf962;1ceb6556-869f-4919-b302-5fd68f6ac5a6;Varrer e passar pano no chão;9;2025-10-15 23:50:37.946793+00;9cc8182f-5502-4416-a701-05665a56088f;false;false;false
fce611a2-b8c7-4eb3-ae8b-d586330aed98;08dd4c3e-f335-4153-babd-6240ae340d35;Utensílios organizados e higienizados.;8;2025-10-03 18:17:46.743683+00;d2118d7f-a6d2-4cea-a077-3d93a0cb5663;false;false;false
e972e771-c53c-4e5b-8047-22a4c8fd5b53;48a78a91-418a-4086-b09f-5355e8a0f79d;Limpeza GERAL balcão refrigerado - colocar data da realização da limpeza - limpeza 2 vezes na semana.;6;2025-10-15 22:54:15.005645+00;ee15ca04-eb0b-4d53-96b4-b45b7e1c42f9;true;false;false
af46f3a8-ee3d-4bc3-832a-57570bf8f1ec;08dd4c3e-f335-4153-babd-6240ae340d35;Conferência do estoque se está faltando algum insumo.;9;2025-10-03 18:18:43.569683+00;d2118d7f-a6d2-4cea-a077-3d93a0cb5663;false;false;false
efd9e8d8-9522-43c0-9a2b-b180446a6c7b;48a78a91-418a-4086-b09f-5355e8a0f79d;Retirar o lixo.;9;2025-10-15 22:55:14.178489+00;ee15ca04-eb0b-4d53-96b4-b45b7e1c42f9;false;false;false
43c92c4f-1fcf-4557-a6ba-a97c1376dbe7;1ceb6556-869f-4919-b302-5fd68f6ac5a6;Varrer frente loja;3;2025-10-15 23:48:57.533581+00;9cc8182f-5502-4416-a701-05665a56088f;false;false;false
6e896d0b-57f1-4abd-b6ca-6070167cb12c;1ceb6556-869f-4919-b302-5fd68f6ac5a6;Revisar sabonete Líquido;7;2025-10-15 23:50:05.408614+00;9cc8182f-5502-4416-a701-05665a56088f;false;false;false
4a55401d-1875-47fd-8c33-2644ebf366c8;1ceb6556-869f-4919-b302-5fd68f6ac5a6;Limpar vidros.;12;2025-10-15 23:51:12.356378+00;9cc8182f-5502-4416-a701-05665a56088f;false;false;false
a5b5e8a8-9569-4cdd-b873-dc5a709fb5e8;1ceb6556-869f-4919-b302-5fd68f6ac5a6;Abrir IFOOD e CARDÁPIO WEB - verificar conexão WhatsApp.;14;2025-10-15 23:52:21.856481+00;9cc8182f-5502-4416-a701-05665a56088f;false;false;false
a8d42af0-5f26-464f-be4e-0bdff4f245b1;1ceb6556-869f-4919-b302-5fd68f6ac5a6;Verificar saldo VOA;15;2025-10-15 23:52:43.791945+00;9cc8182f-5502-4416-a701-05665a56088f;false;false;false
b4b286ee-8273-4775-b939-6299a02a17f9;08dd4c3e-f335-4153-babd-6240ae340d35;Alimentos armazenados em potes etiquetados (data/val.).;11;2025-10-03 18:19:23.171934+00;d2118d7f-a6d2-4cea-a077-3d93a0cb5663;false;false;false
7763e69e-1ab2-4df4-8268-1917d9ae3c42;48a78a91-418a-4086-b09f-5355e8a0f79d;Desligar fogão, fritadeira e coifa. ;11;2025-10-15 22:56:37.249634+00;ee15ca04-eb0b-4d53-96b4-b45b7e1c42f9;false;true;false
612c3bdd-3120-45a5-a1c2-60d74c58e07f;1ceb6556-869f-4919-b302-5fd68f6ac5a6;Revisar papel toalha;6;2025-10-15 23:49:46.070787+00;9cc8182f-5502-4416-a701-05665a56088f;false;false;false
e0f7ee92-3d6a-48c8-8668-db3b524db9f0;1ceb6556-869f-4919-b302-5fd68f6ac5a6;Organizar e limpar mesas e cadeiras internas;10;2025-10-15 23:50:55.922247+00;9cc8182f-5502-4416-a701-05665a56088f;false;false;false
60c19940-fb95-4a0c-bb8b-b9526a153e6b;1ceb6556-869f-4919-b302-5fd68f6ac5a6;Ligar os totens;11;2025-10-15 23:51:57.11168+00;9cc8182f-5502-4416-a701-05665a56088f;false;false;false
73f33e3f-64be-4a39-b484-22a1467c0081;48a78a91-418a-4086-b09f-5355e8a0f79d;Fechar o sistema de gás. ;12;2025-10-15 22:56:53.017757+00;ee15ca04-eb0b-4d53-96b4-b45b7e1c42f9;false;true;false
e618bf1d-78c2-4505-8cb3-92821da00995;08dd4c3e-f335-4153-babd-6240ae340d35;Verificar validade e aspecto de alimentos prontos.;12;2025-10-03 18:19:42.58822+00;d2118d7f-a6d2-4cea-a077-3d93a0cb5663;false;false;false
7e8c21c1-c927-4ef0-af71-fd4773a7fc3a;08dd4c3e-f335-4153-babd-6240ae340d35;Carnes descongeladas de forma correta.;13;2025-10-03 18:20:04.953796+00;d2118d7f-a6d2-4cea-a077-3d93a0cb5663;true;true;false
fcbcd640-7bb8-4ffb-b6c2-975011742ece;1ceb6556-869f-4919-b302-5fd68f6ac5a6;Revisar impressora da cozinha ,(Ligar e Bobina).;19;2025-10-15 23:54:23.22618+00;9cc8182f-5502-4416-a701-05665a56088f;false;false;false
11d4e4cb-5aaa-480a-a241-4c43322158db;f49d9370-650d-4fa0-a364-95ec4b6c99a4;Colocar Máquina de cartão para carregar.;6;2025-10-15 22:59:38.037834+00;ee15ca04-eb0b-4d53-96b4-b45b7e1c42f9;false;false;false
0a3e64a8-bf04-4159-9862-d2ec430cf9e1;1ceb6556-869f-4919-b302-5fd68f6ac5a6;Abrir a porta as 11:30hs;21;2025-10-15 23:55:11.326101+00;9cc8182f-5502-4416-a701-05665a56088f;false;true;false
745468c7-b035-4976-9ddc-4f6370cdc4b0;f49d9370-650d-4fa0-a364-95ec4b6c99a4;Polir e embalar talheres.;1;2025-10-15 22:58:11.229087+00;ee15ca04-eb0b-4d53-96b4-b45b7e1c42f9;false;false;false